{"cameraMode":{"drawMode":0,"name":"Shaded","section":"Shading Mode"},"sceneLighting":true,"audioPlay":false,"sceneViewState":{"showFog":true,"showMaterialUpdate":false,"showSkybox":true,"showFlares":true,"showImageEffects":true,"showParticleSystems":true,"showVisualEffectGraphs":true,"m_FxEnabled":true},"in2DMode":false,"pivot":{"x":23.099550247192384,"y":9.67734432220459,"z":0.5113182067871094},"rotation":{"x":-0.0019486481323838235,"y":0.9967496991157532,"z":-0.025422653183341028,"w":-0.0764005109667778},"size":32.350547790527347,"orthographic":false}