{"cameraMode":{"drawMode":0,"name":"Shaded","section":"Shading Mode"},"sceneLighting":true,"audioPlay":false,"sceneViewState":{"showFog":true,"showMaterialUpdate":false,"showSkybox":true,"showFlares":true,"showImageEffects":true,"showParticleSystems":true,"showVisualEffectGraphs":true,"m_FxEnabled":true},"in2DMode":false,"pivot":{"x":18.713478088378908,"y":193.87582397460938,"z":-31.572723388671876},"rotation":{"x":0.002427564701065421,"y":0.9970715641975403,"z":-0.06740476936101914,"w":0.035910118371248248},"size":252.843017578125,"orthographic":false}